<?xml version="1.0" encoding="UTF-8"?>
<project-private xmlns="http://www.netbeans.org/ns/project-private/1">
    <editor-bookmarks xmlns="http://www.netbeans.org/ns/editor-bookmarks/2" lastBookmarkId="0"/>
    <open-files xmlns="http://www.netbeans.org/ns/projectui-open-files/2">
        <group>
            <file>file:/Users/quentinmartinez/Documents/Algobreizh-Java/Algobreizh/src/algobreizh/Views/NewMeetingView.java</file>
            <file>file:/Users/quentinmartinez/Documents/Algobreizh-Java/Algobreizh/src/algobreizh/Database/DatabaseConnection.java</file>
            <file>file:/Users/quentinmartinez/Documents/Algobreizh-Java/Algobreizh/src/algobreizh/Views/LoginView.java</file>
            <file>file:/Users/quentinmartinez/Documents/Algobreizh-Java/Algobreizh/src/algobreizh/dao/SalesmanDAO.java</file>
            <file>file:/Users/quentinmartinez/Documents/Algobreizh-Java/Algobreizh/src/algobreizh/Models/City.java</file>
            <file>file:/Users/quentinmartinez/Documents/Algobreizh-Java/Algobreizh/src/algobreizh/controler/WelcomeControler.java</file>
            <file>file:/Users/quentinmartinez/Documents/Algobreizh-Java/Algobreizh/src/algobreizh/controler/LoginController.java</file>
            <file>file:/Users/quentinmartinez/Documents/Algobreizh-Java/Algobreizh/src/algobreizh/sql/dao/factory/DAOFactory.java</file>
            <file>file:/Users/quentinmartinez/Documents/Algobreizh-Java/Algobreizh/src/algobreizh/Views/ButtonRenderer.java</file>
            <file>file:/Users/quentinmartinez/Documents/Algobreizh-Java/Algobreizh/src/algobreizh/controler/NewMeetingController.java</file>
            <file>file:/Users/quentinmartinez/Documents/Algobreizh-Java/Algobreizh/src/algobreizh/Views/ButtonEditor.java</file>
            <file>file:/Users/quentinmartinez/Documents/Algobreizh-Java/Algobreizh/src/algobreizh/sql/dao/factory/AbstractDAOFactory.java</file>
            <file>file:/Users/quentinmartinez/Documents/Algobreizh-Java/Algobreizh/src/algobreizh/context/Context.java</file>
            <file>file:/Users/quentinmartinez/Documents/Algobreizh-Java/Algobreizh/src/algobreizh/Views/DefaultTableModel.java</file>
            <file>file:/Users/quentinmartinez/Documents/Algobreizh-Java/Algobreizh/src/algobreizh/dao/MeetingsDAO.java</file>
            <file>file:/Users/quentinmartinez/Documents/Algobreizh-Java/Algobreizh/src/algobreizh/Models/Salesman.java</file>
            <file>file:/Users/quentinmartinez/Documents/Algobreizh-Java/Algobreizh/src/algobreizh/Views/WelcomeView.java</file>
            <file>file:/Users/quentinmartinez/Documents/Algobreizh-Java/Algobreizh/src/algobreizh/Algobreizh.java</file>
            <file>file:/Users/quentinmartinez/Documents/Algobreizh-Java/Algobreizh/src/algobreizh/Views/ButtonListener.java</file>
            <file>file:/Users/quentinmartinez/Documents/Algobreizh-Java/Algobreizh/test/Algobreizh/SalesmanDAOTest.java</file>
            <file>file:/Users/quentinmartinez/Documents/Algobreizh-Java/Algobreizh/src/algobreizh/sql/dao/DAO.java</file>
            <file>file:/Users/quentinmartinez/Documents/Algobreizh-Java/Algobreizh/src/algobreizh/Views/MeetingsTable.java</file>
            <file>file:/Users/quentinmartinez/Documents/Algobreizh-Java/Algobreizh/src/algobreizh/dao/CustomerDAO.java</file>
            <file>file:/Users/quentinmartinez/Documents/Algobreizh-Java/Algobreizh/src/algobreizh/Models/Customer.java</file>
            <file>file:/Users/quentinmartinez/Documents/Algobreizh-Java/Algobreizh/src/algobreizh/Models/Meeting.java</file>
            <file>file:/Users/quentinmartinez/Documents/Algobreizh-Java/Algobreizh/src/algobreizh/dao/CitiesDAO.java</file>
            <file>file:/Users/quentinmartinez/Documents/Algobreizh-Java/Algobreizh/src/algobreizh/Views/CustomersTable.java</file>
        </group>
    </open-files>
</project-private>
